Word,Rolling Average,Year
love,186.2,1964
like,140.4,1964
know,105.8,1964
funny,24.6,1964
oh,111.4,1964
yeah,115.8,1964
go,50.4,1964
might,39.8,1964
one,42.4,1964
also,19,1964
come,65.4,1964
baby,94.2,1964
day,22.2,1964
said,21,1964
la,47.4,1964
twist,20.6,1964
let,19.8,1964
got,28,1964
say,22.8,1964
um,0,1964
time,0,1964
girl,0,1964
na,0,1964
protest,0,1964
need,0,1964
get,0,1964
see,0,1964
take,0,1964
ooh,0,1964
sweet,0,1964
du,0,1964
man,0,1964
ca,0,1964
chance,0,1964
want,0,1964
feat,0,1964
night,0,1964
feel,0,1964
heart,0,1964
gon,0,1964
make,0,1964
never,0,1964
buddy,0,1964
way,0,1964
da,0,1964
wan,0,1964
jake,0,1964
boy,0,1964
ai,0,1964
back,0,1964
hey,0,1964
b***h,0,1964
ayy,0,1964
n***a,0,1964
love,196.8,1965
like,141.6,1965
know,115.6,1965
funny,0,1965
oh,115.6,1965
yeah,118.6,1965
go,59.2,1965
might,43,1965
one,23.2,1965
also,0,1965
come,65.4,1965
baby,141.6,1965
day,22.2,1965
said,21,1965
la,47.4,1965
twist,20.6,1965
let,19.8,1965
got,51.6,1965
say,22.8,1965
um,28.8,1965
time,0,1965
girl,0,1965
na,0,1965
protest,0,1965
need,0,1965
get,0,1965
see,0,1965
take,0,1965
ooh,0,1965
sweet,0,1965
du,0,1965
man,0,1965
ca,0,1965
chance,0,1965
want,0,1965
feat,0,1965
night,0,1965
feel,0,1965
heart,0,1965
gon,0,1965
make,0,1965
never,0,1965
buddy,0,1965
way,0,1965
da,0,1965
wan,0,1965
jake,0,1965
boy,0,1965
ai,0,1965
back,0,1965
hey,0,1965
b***h,0,1965
ayy,0,1965
n***a,0,1965
love,207.4,1966
like,126,1966
know,114.2,1966
funny,0,1966
oh,80,1966
yeah,111.6,1966
go,79.4,1966
might,22.4,1966
one,23.2,1966
also,0,1966
come,64.2,1966
baby,158.6,1966
day,0,1966
said,0,1966
la,47.4,1966
twist,20.6,1966
let,19.8,1966
got,85.4,1966
say,22.8,1966
um,28.8,1966
time,22.4,1966
girl,19.6,1966
na,0,1966
protest,0,1966
need,0,1966
get,0,1966
see,0,1966
take,0,1966
ooh,0,1966
sweet,0,1966
du,0,1966
man,0,1966
ca,0,1966
chance,0,1966
want,0,1966
feat,0,1966
night,0,1966
feel,0,1966
heart,0,1966
gon,0,1966
make,0,1966
never,0,1966
buddy,0,1966
way,0,1966
da,0,1966
wan,0,1966
jake,0,1966
boy,0,1966
ai,0,1966
back,0,1966
hey,0,1966
b***h,0,1966
ayy,0,1966
n***a,0,1966
love,213.8,1967
like,132.4,1967
know,113.8,1967
funny,0,1967
oh,82,1967
yeah,105,1967
go,79.4,1967
might,22.4,1967
one,23.2,1967
also,0,1967
come,50,1967
baby,161.8,1967
day,0,1967
said,0,1967
la,0,1967
twist,0,1967
let,0,1967
got,105.6,1967
say,22.8,1967
um,28.8,1967
time,43,1967
girl,19.6,1967
na,31.6,1967
protest,20.2,1967
need,0,1967
get,0,1967
see,0,1967
take,0,1967
ooh,0,1967
sweet,0,1967
du,0,1967
man,0,1967
ca,0,1967
chance,0,1967
want,0,1967
feat,0,1967
night,0,1967
feel,0,1967
heart,0,1967
gon,0,1967
make,0,1967
never,0,1967
buddy,0,1967
way,0,1967
da,0,1967
wan,0,1967
jake,0,1967
boy,0,1967
ai,0,1967
back,0,1967
hey,0,1967
b***h,0,1967
ayy,0,1967
n***a,0,1967
love,260.2,1968
like,126.8,1968
know,113.4,1968
funny,0,1968
oh,100.2,1968
yeah,70.6,1968
go,49.4,1968
might,22.4,1968
one,0,1968
also,0,1968
come,50,1968
baby,162.6,1968
day,0,1968
said,0,1968
la,0,1968
twist,0,1968
let,0,1968
got,100,1968
say,0,1968
um,28.8,1968
time,43,1968
girl,46,1968
na,31.6,1968
protest,20.2,1968
need,24.2,1968
get,21.2,1968
see,19.6,1968
take,0,1968
ooh,0,1968
sweet,0,1968
du,0,1968
man,0,1968
ca,0,1968
chance,0,1968
want,0,1968
feat,0,1968
night,0,1968
feel,0,1968
heart,0,1968
gon,0,1968
make,0,1968
never,0,1968
buddy,0,1968
way,0,1968
da,0,1968
wan,0,1968
jake,0,1968
boy,0,1968
ai,0,1968
back,0,1968
hey,0,1968
b***h,0,1968
ayy,0,1968
n***a,0,1968
love,255.2,1969
like,138.8,1969
know,108,1969
funny,0,1969
oh,110.6,1969
yeah,83.2,1969
go,20.2,1969
might,0,1969
one,0,1969
also,0,1969
come,82,1969
baby,160.8,1969
day,0,1969
said,0,1969
la,0,1969
twist,0,1969
let,26.8,1969
got,76.4,1969
say,0,1969
um,0,1969
time,70,1969
girl,46,1969
na,58.6,1969
protest,20.2,1969
need,24.2,1969
get,21.2,1969
see,19.6,1969
take,0,1969
ooh,0,1969
sweet,0,1969
du,0,1969
man,0,1969
ca,0,1969
chance,0,1969
want,0,1969
feat,0,1969
night,0,1969
feel,0,1969
heart,0,1969
gon,0,1969
make,0,1969
never,0,1969
buddy,0,1969
way,0,1969
da,0,1969
wan,0,1969
jake,0,1969
boy,0,1969
ai,0,1969
back,0,1969
hey,0,1969
b***h,0,1969
ayy,0,1969
n***a,0,1969
love,261,1970
like,138.2,1970
know,78.4,1970
funny,0,1970
oh,161.6,1970
yeah,96.4,1970
go,0,1970
might,0,1970
one,0,1970
also,0,1970
come,59.4,1970
baby,177.6,1970
day,32.6,1970
said,0,1970
la,0,1970
twist,0,1970
let,64.8,1970
got,79.8,1970
say,31.6,1970
um,0,1970
time,47.6,1970
girl,26.4,1970
na,104.6,1970
protest,20.2,1970
need,24.2,1970
get,21.2,1970
see,19.6,1970
take,0,1970
ooh,0,1970
sweet,0,1970
du,0,1970
man,0,1970
ca,0,1970
chance,0,1970
want,0,1970
feat,0,1970
night,0,1970
feel,0,1970
heart,0,1970
gon,0,1970
make,0,1970
never,0,1970
buddy,0,1970
way,0,1970
da,0,1970
wan,0,1970
jake,0,1970
boy,0,1970
ai,0,1970
back,0,1970
hey,0,1970
b***h,0,1970
ayy,0,1970
n***a,0,1970
love,282.4,1971
like,135.8,1971
know,81.8,1971
funny,0,1971
oh,168.2,1971
yeah,104.6,1971
go,0,1971
might,0,1971
one,0,1971
also,0,1971
come,32,1971
baby,189.8,1971
day,32.6,1971
said,0,1971
la,0,1971
twist,0,1971
let,94.8,1971
got,89.6,1971
say,31.6,1971
um,0,1971
time,59.8,1971
girl,26.4,1971
na,73,1971
protest,0,1971
need,24.2,1971
get,47.2,1971
see,19.6,1971
take,0,1971
ooh,0,1971
sweet,0,1971
du,0,1971
man,0,1971
ca,0,1971
chance,0,1971
want,0,1971
feat,0,1971
night,0,1971
feel,0,1971
heart,0,1971
gon,0,1971
make,0,1971
never,0,1971
buddy,0,1971
way,0,1971
da,0,1971
wan,0,1971
jake,0,1971
boy,0,1971
ai,0,1971
back,0,1971
hey,0,1971
b***h,0,1971
ayy,0,1971
n***a,0,1971
love,254.8,1972
like,174.2,1972
know,107.2,1972
funny,0,1972
oh,156.4,1972
yeah,137.8,1972
go,0,1972
might,0,1972
one,34.2,1972
also,0,1972
come,32,1972
baby,149,1972
day,32.6,1972
said,0,1972
la,33,1972
twist,0,1972
let,94.8,1972
got,102.6,1972
say,61.2,1972
um,0,1972
time,59.8,1972
girl,0,1972
na,73,1972
protest,0,1972
need,0,1972
get,58.4,1972
see,0,1972
take,0,1972
ooh,0,1972
sweet,0,1972
du,0,1972
man,0,1972
ca,0,1972
chance,0,1972
want,0,1972
feat,0,1972
night,0,1972
feel,0,1972
heart,0,1972
gon,0,1972
make,0,1972
never,0,1972
buddy,0,1972
way,0,1972
da,0,1972
wan,0,1972
jake,0,1972
boy,0,1972
ai,0,1972
back,0,1972
hey,0,1972
b***h,0,1972
ayy,0,1972
n***a,0,1972
love,243.2,1973
like,160.6,1973
know,76.8,1973
funny,0,1973
oh,148.8,1973
yeah,99.4,1973
go,0,1973
might,0,1973
one,34.2,1973
also,0,1973
come,0,1973
baby,123.2,1973
day,63.6,1973
said,0,1973
la,33,1973
twist,0,1973
let,86.8,1973
got,128,1973
say,84.6,1973
um,0,1973
time,32.8,1973
girl,0,1973
na,64.8,1973
protest,0,1973
need,0,1973
get,83.8,1973
see,0,1973
take,21.2,1973
ooh,0,1973
sweet,0,1973
du,0,1973
man,0,1973
ca,0,1973
chance,0,1973
want,0,1973
feat,0,1973
night,0,1973
feel,0,1973
heart,0,1973
gon,0,1973
make,0,1973
never,0,1973
buddy,0,1973
way,0,1973
da,0,1973
wan,0,1973
jake,0,1973
boy,0,1973
ai,0,1973
back,0,1973
hey,0,1973
b***h,0,1973
ayy,0,1973
n***a,0,1973
love,243.8,1974
like,162.2,1974
know,109.6,1974
funny,0,1974
oh,127,1974
yeah,101,1974
go,28,1974
might,0,1974
one,34.2,1974
also,0,1974
come,0,1974
baby,96,1974
day,31,1974
said,0,1974
la,33,1974
twist,0,1974
let,48.8,1974
got,123.2,1974
say,53,1974
um,0,1974
time,32.8,1974
girl,0,1974
na,43.8,1974
protest,0,1974
need,0,1974
get,109.4,1974
see,0,1974
take,21.2,1974
ooh,0,1974
sweet,0,1974
du,0,1974
man,0,1974
ca,0,1974
chance,0,1974
want,0,1974
feat,0,1974
night,0,1974
feel,0,1974
heart,0,1974
gon,0,1974
make,0,1974
never,0,1974
buddy,0,1974
way,0,1974
da,0,1974
wan,0,1974
jake,0,1974
boy,0,1974
ai,0,1974
back,0,1974
hey,0,1974
b***h,0,1974
ayy,0,1974
n***a,0,1974
love,256,1975
like,169.6,1975
know,109.4,1975
funny,0,1975
oh,128.8,1975
yeah,69.6,1975
go,28,1975
might,0,1975
one,34.2,1975
also,0,1975
come,36.4,1975
baby,101.2,1975
day,31,1975
said,0,1975
la,63.2,1975
twist,0,1975
let,18.8,1975
got,127.4,1975
say,53,1975
um,0,1975
time,0,1975
girl,0,1975
na,75.8,1975
protest,0,1975
need,0,1975
get,123.4,1975
see,0,1975
take,21.2,1975
ooh,0,1975
sweet,0,1975
du,0,1975
man,0,1975
ca,0,1975
chance,0,1975
want,0,1975
feat,0,1975
night,0,1975
feel,0,1975
heart,0,1975
gon,0,1975
make,0,1975
never,0,1975
buddy,0,1975
way,0,1975
da,0,1975
wan,0,1975
jake,0,1975
boy,0,1975
ai,0,1975
back,0,1975
hey,0,1975
b***h,0,1975
ayy,0,1975
n***a,0,1975
love,264.4,1976
like,150,1976
know,90.8,1976
funny,0,1976
oh,134.4,1976
yeah,69.2,1976
go,28,1976
might,0,1976
one,0,1976
also,0,1976
come,36.4,1976
baby,139.2,1976
day,31,1976
said,0,1976
la,58.4,1976
twist,0,1976
let,48.6,1976
got,92,1976
say,23.4,1976
um,0,1976
time,27.4,1976
girl,0,1976
na,75.8,1976
protest,0,1976
need,0,1976
get,133,1976
see,0,1976
take,21.2,1976
ooh,0,1976
sweet,0,1976
du,0,1976
man,0,1976
ca,0,1976
chance,0,1976
want,0,1976
feat,0,1976
night,0,1976
feel,0,1976
heart,0,1976
gon,0,1976
make,0,1976
never,0,1976
buddy,0,1976
way,0,1976
da,0,1976
wan,0,1976
jake,0,1976
boy,0,1976
ai,0,1976
back,0,1976
hey,0,1976
b***h,0,1976
ayy,0,1976
n***a,0,1976
love,339.8,1977
like,156,1977
know,90.8,1977
funny,0,1977
oh,160,1977
yeah,111.6,1977
go,28,1977
might,0,1977
one,0,1977
also,0,1977
come,36.4,1977
baby,158.4,1977
day,0,1977
said,0,1977
la,58.4,1977
twist,0,1977
let,29.8,1977
got,108.6,1977
say,0,1977
um,0,1977
time,27.4,1977
girl,0,1977
na,95.6,1977
protest,0,1977
need,0,1977
get,147.2,1977
see,0,1977
take,0,1977
ooh,35,1977
sweet,34.2,1977
du,0,1977
man,0,1977
ca,0,1977
chance,0,1977
want,0,1977
feat,0,1977
night,0,1977
feel,0,1977
heart,0,1977
gon,0,1977
make,0,1977
never,0,1977
buddy,0,1977
way,0,1977
da,0,1977
wan,0,1977
jake,0,1977
boy,0,1977
ai,0,1977
back,0,1977
hey,0,1977
b***h,0,1977
ayy,0,1977
n***a,0,1977
love,358.2,1978
like,176.4,1978
know,88.6,1978
funny,0,1978
oh,176.6,1978
yeah,105.6,1978
go,0,1978
might,0,1978
one,0,1978
also,0,1978
come,36.4,1978
baby,128.6,1978
day,0,1978
said,0,1978
la,58.4,1978
twist,0,1978
let,29.8,1978
got,116.6,1978
say,0,1978
um,0,1978
time,27.4,1978
girl,0,1978
na,102.2,1978
protest,0,1978
need,0,1978
get,153.2,1978
see,0,1978
take,0,1978
ooh,35,1978
sweet,34.2,1978
du,42.8,1978
man,29.4,1978
ca,0,1978
chance,0,1978
want,0,1978
feat,0,1978
night,0,1978
feel,0,1978
heart,0,1978
gon,0,1978
make,0,1978
never,0,1978
buddy,0,1978
way,0,1978
da,0,1978
wan,0,1978
jake,0,1978
boy,0,1978
ai,0,1978
back,0,1978
hey,0,1978
b***h,0,1978
ayy,0,1978
n***a,0,1978
love,363.2,1979
like,138.2,1979
know,93.8,1979
funny,0,1979
oh,181.6,1979
yeah,105.6,1979
go,0,1979
might,0,1979
one,0,1979
also,0,1979
come,33.4,1979
baby,110.6,1979
day,0,1979
said,0,1979
la,28.2,1979
twist,0,1979
let,29.8,1979
got,123.6,1979
say,0,1979
um,0,1979
time,27.4,1979
girl,0,1979
na,70.2,1979
protest,0,1979
need,0,1979
get,153.6,1979
see,0,1979
take,54.2,1979
ooh,35,1979
sweet,34.2,1979
du,42.8,1979
man,29.4,1979
ca,36.6,1979
chance,34.6,1979
want,0,1979
feat,0,1979
night,0,1979
feel,0,1979
heart,0,1979
gon,0,1979
make,0,1979
never,0,1979
buddy,0,1979
way,0,1979
da,0,1979
wan,0,1979
jake,0,1979
boy,0,1979
ai,0,1979
back,0,1979
hey,0,1979
b***h,0,1979
ayy,0,1979
n***a,0,1979
love,432.4,1980
like,126.8,1980
know,108.4,1980
funny,0,1980
oh,190.8,1980
yeah,72.8,1980
go,0,1980
might,0,1980
one,0,1980
also,0,1980
come,33.4,1980
baby,112,1980
day,0,1980
said,0,1980
la,0,1980
twist,0,1980
let,0,1980
got,173.2,1980
say,34,1980
um,0,1980
time,33,1980
girl,0,1980
na,70.2,1980
protest,0,1980
need,0,1980
get,162.8,1980
see,0,1980
take,54.2,1980
ooh,35,1980
sweet,34.2,1980
du,42.8,1980
man,29.4,1980
ca,36.6,1980
chance,34.6,1980
want,36,1980
feat,0,1980
night,0,1980
feel,0,1980
heart,0,1980
gon,0,1980
make,0,1980
never,0,1980
buddy,0,1980
way,0,1980
da,0,1980
wan,0,1980
jake,0,1980
boy,0,1980
ai,0,1980
back,0,1980
hey,0,1980
b***h,0,1980
ayy,0,1980
n***a,0,1980
love,379.8,1981
like,143.2,1981
know,150.2,1981
funny,0,1981
oh,134.4,1981
yeah,30.4,1981
go,39.8,1981
might,0,1981
one,0,1981
also,0,1981
come,33.4,1981
baby,118.8,1981
day,0,1981
said,0,1981
la,0,1981
twist,0,1981
let,48.4,1981
got,131.2,1981
say,34,1981
um,0,1981
time,73.8,1981
girl,0,1981
na,75,1981
protest,0,1981
need,0,1981
get,123.2,1981
see,0,1981
take,54.2,1981
ooh,0,1981
sweet,0,1981
du,42.8,1981
man,29.4,1981
ca,36.6,1981
chance,34.6,1981
want,36,1981
feat,59.6,1981
night,46.4,1981
feel,0,1981
heart,0,1981
gon,0,1981
make,0,1981
never,0,1981
buddy,0,1981
way,0,1981
da,0,1981
wan,0,1981
jake,0,1981
boy,0,1981
ai,0,1981
back,0,1981
hey,0,1981
b***h,0,1981
ayy,0,1981
n***a,0,1981
love,358.6,1982
like,124.2,1982
know,160,1982
funny,0,1982
oh,116.2,1982
yeah,0,1982
go,39.8,1982
might,0,1982
one,26.8,1982
also,0,1982
come,33.4,1982
baby,144.6,1982
day,0,1982
said,0,1982
la,0,1982
twist,0,1982
let,48.4,1982
got,114.8,1982
say,58.4,1982
um,0,1982
time,104.2,1982
girl,0,1982
na,78.2,1982
protest,0,1982
need,0,1982
get,91.6,1982
see,0,1982
take,54.2,1982
ooh,0,1982
sweet,0,1982
du,0,1982
man,0,1982
ca,36.6,1982
chance,34.6,1982
want,36,1982
feat,59.6,1982
night,46.4,1982
feel,0,1982
heart,0,1982
gon,0,1982
make,0,1982
never,0,1982
buddy,0,1982
way,0,1982
da,0,1982
wan,0,1982
jake,0,1982
boy,0,1982
ai,0,1982
back,0,1982
hey,0,1982
b***h,0,1982
ayy,0,1982
n***a,0,1982
love,357,1983
like,124.2,1983
know,162.8,1983
funny,0,1983
oh,107.4,1983
yeah,0,1983
go,74.4,1983
might,0,1983
one,26.8,1983
also,0,1983
come,0,1983
baby,145.6,1983
day,0,1983
said,0,1983
la,0,1983
twist,0,1983
let,82.8,1983
got,111.2,1983
say,58.4,1983
um,0,1983
time,104.2,1983
girl,0,1983
na,112,1983
protest,0,1983
need,0,1983
get,93.4,1983
see,0,1983
take,0,1983
ooh,0,1983
sweet,0,1983
du,0,1983
man,0,1983
ca,33,1983
chance,0,1983
want,36,1983
feat,59.6,1983
night,46.4,1983
feel,0,1983
heart,0,1983
gon,0,1983
make,0,1983
never,0,1983
buddy,0,1983
way,0,1983
da,0,1983
wan,0,1983
jake,0,1983
boy,0,1983
ai,0,1983
back,0,1983
hey,0,1983
b***h,0,1983
ayy,0,1983
n***a,0,1983
love,283.4,1984
like,132.2,1984
know,170.8,1984
funny,0,1984
oh,106,1984
yeah,38,1984
go,74.4,1984
might,0,1984
one,26.8,1984
also,0,1984
come,30.8,1984
baby,106.2,1984
day,0,1984
said,0,1984
la,0,1984
twist,0,1984
let,82.8,1984
got,95.8,1984
say,62.6,1984
um,0,1984
time,103.2,1984
girl,0,1984
na,142.6,1984
protest,0,1984
need,0,1984
get,42.2,1984
see,0,1984
take,0,1984
ooh,0,1984
sweet,0,1984
du,0,1984
man,0,1984
ca,33,1984
chance,0,1984
want,0,1984
feat,59.6,1984
night,46.4,1984
feel,0,1984
heart,0,1984
gon,0,1984
make,0,1984
never,0,1984
buddy,0,1984
way,0,1984
da,0,1984
wan,0,1984
jake,0,1984
boy,0,1984
ai,0,1984
back,0,1984
hey,0,1984
b***h,0,1984
ayy,0,1984
n***a,0,1984
love,264.4,1985
like,119.4,1985
know,180.2,1985
funny,0,1985
oh,162.4,1985
yeah,38,1985
go,34.6,1985
might,0,1985
one,26.8,1985
also,0,1985
come,30.8,1985
baby,60.4,1985
day,0,1985
said,0,1985
la,0,1985
twist,0,1985
let,34.4,1985
got,137.8,1985
say,102.6,1985
um,0,1985
time,100,1985
girl,0,1985
na,137.8,1985
protest,0,1985
need,0,1985
get,42.2,1985
see,0,1985
take,0,1985
ooh,34.6,1985
sweet,0,1985
du,0,1985
man,0,1985
ca,33,1985
chance,0,1985
want,0,1985
feat,0,1985
night,48.6,1985
feel,0,1985
heart,0,1985
gon,0,1985
make,0,1985
never,0,1985
buddy,0,1985
way,0,1985
da,0,1985
wan,0,1985
jake,0,1985
boy,0,1985
ai,0,1985
back,0,1985
hey,0,1985
b***h,0,1985
ayy,0,1985
n***a,0,1985
love,281.2,1986
like,118.2,1986
know,175.4,1986
funny,0,1986
oh,197,1986
yeah,74,1986
go,34.6,1986
might,0,1986
one,0,1986
also,0,1986
come,30.8,1986
baby,64.6,1986
day,0,1986
said,0,1986
la,0,1986
twist,0,1986
let,34.4,1986
got,113.8,1986
say,78.2,1986
um,0,1986
time,69.6,1986
girl,0,1986
na,143.8,1986
protest,0,1986
need,0,1986
get,42.2,1986
see,0,1986
take,0,1986
ooh,34.6,1986
sweet,0,1986
du,0,1986
man,0,1986
ca,33,1986
chance,0,1986
want,35,1986
feat,0,1986
night,78.6,1986
feel,36,1986
heart,0,1986
gon,0,1986
make,0,1986
never,0,1986
buddy,0,1986
way,0,1986
da,0,1986
wan,0,1986
jake,0,1986
boy,0,1986
ai,0,1986
back,0,1986
hey,0,1986
b***h,0,1986
ayy,0,1986
n***a,0,1986
love,301,1987
like,157.2,1987
know,192.2,1987
funny,0,1987
oh,215.6,1987
yeah,108.4,1987
go,27.2,1987
might,0,1987
one,0,1987
also,0,1987
come,30.8,1987
baby,70.6,1987
day,0,1987
said,0,1987
la,0,1987
twist,0,1987
let,0,1987
got,76.2,1987
say,78.2,1987
um,0,1987
time,101.4,1987
girl,0,1987
na,161.4,1987
protest,0,1987
need,0,1987
get,0,1987
see,0,1987
take,0,1987
ooh,34.6,1987
sweet,0,1987
du,0,1987
man,0,1987
ca,0,1987
chance,0,1987
want,35,1987
feat,0,1987
night,78.6,1987
feel,36,1987
heart,27.8,1987
gon,0,1987
make,0,1987
never,0,1987
buddy,0,1987
way,0,1987
da,0,1987
wan,0,1987
jake,0,1987
boy,0,1987
ai,0,1987
back,0,1987
hey,0,1987
b***h,0,1987
ayy,0,1987
n***a,0,1987
love,326,1988
like,150.8,1988
know,193,1988
funny,0,1988
oh,218.4,1988
yeah,114.4,1988
go,27.2,1988
might,0,1988
one,0,1988
also,0,1988
come,0,1988
baby,113,1988
day,0,1988
said,0,1988
la,0,1988
twist,0,1988
let,0,1988
got,88.2,1988
say,40,1988
um,0,1988
time,69.4,1988
girl,0,1988
na,190.4,1988
protest,0,1988
need,0,1988
get,38.2,1988
see,0,1988
take,0,1988
ooh,34.6,1988
sweet,0,1988
du,0,1988
man,0,1988
ca,0,1988
chance,0,1988
want,35,1988
feat,0,1988
night,78.6,1988
feel,36,1988
heart,27.8,1988
gon,38.2,1988
make,0,1988
never,0,1988
buddy,0,1988
way,0,1988
da,0,1988
wan,0,1988
jake,0,1988
boy,0,1988
ai,0,1988
back,0,1988
hey,0,1988
b***h,0,1988
ayy,0,1988
n***a,0,1988
love,362.4,1989
like,153.8,1989
know,192,1989
funny,0,1989
oh,204.8,1989
yeah,114.4,1989
go,27.2,1989
might,0,1989
one,0,1989
also,0,1989
come,0,1989
baby,167.6,1989
day,0,1989
said,0,1989
la,0,1989
twist,0,1989
let,0,1989
got,85.4,1989
say,0,1989
um,0,1989
time,31.8,1989
girl,0,1989
na,208.6,1989
protest,0,1989
need,0,1989
get,38.2,1989
see,0,1989
take,0,1989
ooh,0,1989
sweet,0,1989
du,0,1989
man,0,1989
ca,0,1989
chance,0,1989
want,77.6,1989
feat,0,1989
night,30,1989
feel,36,1989
heart,27.8,1989
gon,38.2,1989
make,36.6,1989
never,35.4,1989
buddy,0,1989
way,0,1989
da,0,1989
wan,0,1989
jake,0,1989
boy,0,1989
ai,0,1989
back,0,1989
hey,0,1989
b***h,0,1989
ayy,0,1989
n***a,0,1989
love,392.6,1990
like,175.8,1990
know,216.4,1990
funny,0,1990
oh,240.2,1990
yeah,114.2,1990
go,27.2,1990
might,0,1990
one,0,1990
also,0,1990
come,0,1990
baby,194.6,1990
day,0,1990
said,0,1990
la,0,1990
twist,0,1990
let,0,1990
got,135,1990
say,0,1990
um,0,1990
time,31.8,1990
girl,35.2,1990
na,243.6,1990
protest,0,1990
need,0,1990
get,38.2,1990
see,0,1990
take,30,1990
ooh,0,1990
sweet,0,1990
du,0,1990
man,0,1990
ca,0,1990
chance,0,1990
want,42.6,1990
feat,0,1990
night,0,1990
feel,0,1990
heart,27.8,1990
gon,38.2,1990
make,36.6,1990
never,35.4,1990
buddy,0,1990
way,0,1990
da,0,1990
wan,0,1990
jake,0,1990
boy,0,1990
ai,0,1990
back,0,1990
hey,0,1990
b***h,0,1990
ayy,0,1990
n***a,0,1990
love,397.2,1991
like,176.4,1991
know,228.6,1991
funny,0,1991
oh,249,1991
yeah,127,1991
go,46.2,1991
might,0,1991
one,0,1991
also,0,1991
come,0,1991
baby,220.2,1991
day,0,1991
said,0,1991
la,0,1991
twist,0,1991
let,0,1991
got,175.4,1991
say,0,1991
um,0,1991
time,0,1991
girl,35.2,1991
na,259.8,1991
protest,0,1991
need,0,1991
get,78.4,1991
see,0,1991
take,30,1991
ooh,0,1991
sweet,0,1991
du,0,1991
man,0,1991
ca,0,1991
chance,0,1991
want,42.6,1991
feat,0,1991
night,0,1991
feel,0,1991
heart,0,1991
gon,38.2,1991
make,36.6,1991
never,35.4,1991
buddy,0,1991
way,0,1991
da,0,1991
wan,0,1991
jake,0,1991
boy,0,1991
ai,0,1991
back,0,1991
hey,0,1991
b***h,0,1991
ayy,0,1991
n***a,0,1991
love,405.4,1992
like,194.2,1992
know,227.6,1992
funny,0,1992
oh,237.2,1992
yeah,122.4,1992
go,46.2,1992
might,0,1992
one,0,1992
also,0,1992
come,0,1992
baby,232.4,1992
day,0,1992
said,0,1992
la,0,1992
twist,0,1992
let,0,1992
got,129.2,1992
say,0,1992
um,0,1992
time,39.6,1992
girl,35.2,1992
na,247.8,1992
protest,0,1992
need,0,1992
get,40.2,1992
see,0,1992
take,30,1992
ooh,0,1992
sweet,0,1992
du,0,1992
man,0,1992
ca,0,1992
chance,0,1992
want,42.6,1992
feat,0,1992
night,0,1992
feel,0,1992
heart,0,1992
gon,0,1992
make,36.6,1992
never,35.4,1992
buddy,46.2,1992
way,37,1992
da,0,1992
wan,0,1992
jake,0,1992
boy,0,1992
ai,0,1992
back,0,1992
hey,0,1992
b***h,0,1992
ayy,0,1992
n***a,0,1992
love,405.4,1993
like,197.8,1993
know,221.6,1993
funny,0,1993
oh,243,1993
yeah,175.8,1993
go,46.2,1993
might,0,1993
one,0,1993
also,0,1993
come,0,1993
baby,246.4,1993
day,0,1993
said,0,1993
la,0,1993
twist,0,1993
let,41,1993
got,151,1993
say,0,1993
um,0,1993
time,39.6,1993
girl,35.2,1993
na,254.8,1993
protest,0,1993
need,0,1993
get,101,1993
see,0,1993
take,30,1993
ooh,0,1993
sweet,0,1993
du,0,1993
man,0,1993
ca,0,1993
chance,0,1993
want,0,1993
feat,0,1993
night,0,1993
feel,0,1993
heart,0,1993
gon,0,1993
make,0,1993
never,0,1993
buddy,46.2,1993
way,37,1993
da,0,1993
wan,0,1993
jake,0,1993
boy,0,1993
ai,0,1993
back,0,1993
hey,0,1993
b***h,0,1993
ayy,0,1993
n***a,0,1993
love,386.4,1994
like,219.4,1994
know,224.2,1994
funny,0,1994
oh,199.8,1994
yeah,195.4,1994
go,113.4,1994
might,0,1994
one,0,1994
also,0,1994
come,0,1994
baby,270.6,1994
day,0,1994
said,0,1994
la,0,1994
twist,0,1994
let,41,1994
got,147.8,1994
say,0,1994
um,0,1994
time,39.6,1994
girl,0,1994
na,239.2,1994
protest,0,1994
need,0,1994
get,147.6,1994
see,0,1994
take,0,1994
ooh,0,1994
sweet,0,1994
du,0,1994
man,0,1994
ca,0,1994
chance,0,1994
want,0,1994
feat,0,1994
night,0,1994
feel,0,1994
heart,0,1994
gon,0,1994
make,0,1994
never,0,1994
buddy,46.2,1994
way,37,1994
da,0,1994
wan,0,1994
jake,0,1994
boy,0,1994
ai,0,1994
back,0,1994
hey,0,1994
b***h,0,1994
ayy,0,1994
n***a,0,1994
love,384.4,1995
like,230.8,1995
know,231,1995
funny,0,1995
oh,138.8,1995
yeah,193.2,1995
go,67.2,1995
might,0,1995
one,0,1995
also,0,1995
come,0,1995
baby,280,1995
day,0,1995
said,0,1995
la,0,1995
twist,0,1995
let,41,1995
got,151.6,1995
say,0,1995
um,0,1995
time,39.6,1995
girl,0,1995
na,238.2,1995
protest,0,1995
need,0,1995
get,107.4,1995
see,0,1995
take,0,1995
ooh,0,1995
sweet,0,1995
du,0,1995
man,0,1995
ca,0,1995
chance,0,1995
want,51,1995
feat,59.6,1995
night,0,1995
feel,0,1995
heart,0,1995
gon,0,1995
make,44.8,1995
never,0,1995
buddy,46.2,1995
way,37,1995
da,0,1995
wan,0,1995
jake,0,1995
boy,0,1995
ai,0,1995
back,0,1995
hey,0,1995
b***h,0,1995
ayy,0,1995
n***a,0,1995
love,382.4,1996
like,228,1996
know,235.2,1996
funny,0,1996
oh,169,1996
yeah,247.6,1996
go,67.2,1996
might,0,1996
one,0,1996
also,0,1996
come,0,1996
baby,292.2,1996
day,0,1996
said,0,1996
la,0,1996
twist,0,1996
let,41,1996
got,209.2,1996
say,0,1996
um,0,1996
time,0,1996
girl,0,1996
na,269.8,1996
protest,0,1996
need,0,1996
get,179.2,1996
see,0,1996
take,0,1996
ooh,0,1996
sweet,0,1996
du,0,1996
man,0,1996
ca,0,1996
chance,0,1996
want,111.6,1996
feat,59.6,1996
night,0,1996
feel,0,1996
heart,0,1996
gon,0,1996
make,44.8,1996
never,0,1996
buddy,0,1996
way,0,1996
da,0,1996
wan,0,1996
jake,0,1996
boy,0,1996
ai,0,1996
back,0,1996
hey,0,1996
b***h,0,1996
ayy,0,1996
n***a,0,1996
love,345.8,1997
like,250.6,1997
know,237.6,1997
funny,0,1997
oh,177.4,1997
yeah,246.8,1997
go,67.2,1997
might,0,1997
one,0,1997
also,0,1997
come,0,1997
baby,284.4,1997
day,0,1997
said,0,1997
la,0,1997
twist,0,1997
let,0,1997
got,196.6,1997
say,0,1997
um,0,1997
time,0,1997
girl,0,1997
na,270.4,1997
protest,0,1997
need,0,1997
get,168.6,1997
see,0,1997
take,0,1997
ooh,0,1997
sweet,0,1997
du,0,1997
man,0,1997
ca,0,1997
chance,0,1997
want,111.6,1997
feat,59.6,1997
night,0,1997
feel,0,1997
heart,0,1997
gon,0,1997
make,44.8,1997
never,0,1997
buddy,0,1997
way,0,1997
da,42.2,1997
wan,0,1997
jake,0,1997
boy,0,1997
ai,0,1997
back,0,1997
hey,0,1997
b***h,0,1997
ayy,0,1997
n***a,0,1997
love,335.8,1998
like,243,1998
know,238,1998
funny,0,1998
oh,172.2,1998
yeah,191.4,1998
go,0,1998
might,0,1998
one,0,1998
also,0,1998
come,0,1998
baby,271,1998
day,0,1998
said,0,1998
la,0,1998
twist,0,1998
let,0,1998
got,201.4,1998
say,0,1998
um,0,1998
time,0,1998
girl,0,1998
na,283.6,1998
protest,0,1998
need,0,1998
get,176.6,1998
see,0,1998
take,0,1998
ooh,0,1998
sweet,0,1998
du,0,1998
man,0,1998
ca,0,1998
chance,0,1998
want,158.6,1998
feat,59.6,1998
night,0,1998
feel,0,1998
heart,0,1998
gon,0,1998
make,44.8,1998
never,0,1998
buddy,0,1998
way,0,1998
da,42.2,1998
wan,43.6,1998
jake,0,1998
boy,0,1998
ai,0,1998
back,0,1998
hey,0,1998
b***h,0,1998
ayy,0,1998
n***a,0,1998
love,306,1999
like,264.4,1999
know,250.6,1999
funny,0,1999
oh,172.2,1999
yeah,235.4,1999
go,0,1999
might,0,1999
one,0,1999
also,0,1999
come,0,1999
baby,275,1999
day,0,1999
said,0,1999
la,0,1999
twist,0,1999
let,0,1999
got,210.6,1999
say,0,1999
um,0,1999
time,0,1999
girl,0,1999
na,351.4,1999
protest,0,1999
need,0,1999
get,232.6,1999
see,51.2,1999
take,0,1999
ooh,0,1999
sweet,0,1999
du,0,1999
man,0,1999
ca,0,1999
chance,0,1999
want,107.6,1999
feat,0,1999
night,0,1999
feel,0,1999
heart,0,1999
gon,0,1999
make,0,1999
never,0,1999
buddy,0,1999
way,0,1999
da,42.2,1999
wan,106.6,1999
jake,0,1999
boy,0,1999
ai,0,1999
back,0,1999
hey,0,1999
b***h,0,1999
ayy,0,1999
n***a,0,1999
love,300,2000
like,292.6,2000
know,253.6,2000
funny,0,2000
oh,157.8,2000
yeah,225.2,2000
go,0,2000
might,0,2000
one,0,2000
also,0,2000
come,0,2000
baby,268,2000
day,0,2000
said,0,2000
la,0,2000
twist,0,2000
let,0,2000
got,153,2000
say,0,2000
um,0,2000
time,0,2000
girl,0,2000
na,349.8,2000
protest,0,2000
need,0,2000
get,208,2000
see,51.2,2000
take,0,2000
ooh,0,2000
sweet,0,2000
du,0,2000
man,0,2000
ca,0,2000
chance,0,2000
want,47,2000
feat,0,2000
night,0,2000
feel,0,2000
heart,0,2000
gon,44.8,2000
make,55.8,2000
never,0,2000
buddy,0,2000
way,0,2000
da,42.2,2000
wan,106.6,2000
jake,0,2000
boy,0,2000
ai,0,2000
back,0,2000
hey,0,2000
b***h,0,2000
ayy,0,2000
n***a,0,2000
love,331,2001
like,305,2001
know,277,2001
funny,0,2001
oh,171.4,2001
yeah,260.6,2001
go,57.6,2001
might,0,2001
one,0,2001
also,0,2001
come,0,2001
baby,279,2001
day,0,2001
said,0,2001
la,0,2001
twist,0,2001
let,50.2,2001
got,104.6,2001
say,0,2001
um,0,2001
time,0,2001
girl,0,2001
na,368.8,2001
protest,0,2001
need,0,2001
get,157.8,2001
see,51.2,2001
take,0,2001
ooh,0,2001
sweet,0,2001
du,0,2001
man,0,2001
ca,0,2001
chance,0,2001
want,47,2001
feat,0,2001
night,0,2001
feel,0,2001
heart,0,2001
gon,44.8,2001
make,55.8,2001
never,0,2001
buddy,0,2001
way,0,2001
da,0,2001
wan,164.6,2001
jake,0,2001
boy,0,2001
ai,0,2001
back,0,2001
hey,0,2001
b***h,0,2001
ayy,0,2001
n***a,0,2001
love,321.6,2002
like,298.4,2002
know,286.8,2002
funny,0,2002
oh,122.2,2002
yeah,324.4,2002
go,110.2,2002
might,0,2002
one,0,2002
also,0,2002
come,0,2002
baby,275.4,2002
day,0,2002
said,0,2002
la,0,2002
twist,0,2002
let,50.2,2002
got,114.2,2002
say,0,2002
um,0,2002
time,0,2002
girl,0,2002
na,341.6,2002
protest,0,2002
need,0,2002
get,164.4,2002
see,51.2,2002
take,0,2002
ooh,0,2002
sweet,0,2002
du,0,2002
man,0,2002
ca,0,2002
chance,0,2002
want,0,2002
feat,0,2002
night,0,2002
feel,0,2002
heart,0,2002
gon,44.8,2002
make,55.8,2002
never,0,2002
buddy,0,2002
way,0,2002
da,0,2002
wan,121,2002
jake,46.8,2002
boy,0,2002
ai,0,2002
back,0,2002
hey,0,2002
b***h,0,2002
ayy,0,2002
n***a,0,2002
love,307.4,2003
like,294,2003
know,267.4,2003
funny,0,2003
oh,172.4,2003
yeah,286.6,2003
go,110.2,2003
might,0,2003
one,0,2003
also,0,2003
come,0,2003
baby,280.6,2003
day,0,2003
said,0,2003
la,0,2003
twist,0,2003
let,50.2,2003
got,125,2003
say,0,2003
um,0,2003
time,0,2003
girl,0,2003
na,264.6,2003
protest,0,2003
need,0,2003
get,172.2,2003
see,0,2003
take,0,2003
ooh,0,2003
sweet,0,2003
du,0,2003
man,0,2003
ca,0,2003
chance,0,2003
want,0,2003
feat,0,2003
night,0,2003
feel,0,2003
heart,0,2003
gon,44.8,2003
make,55.8,2003
never,0,2003
buddy,0,2003
way,0,2003
da,0,2003
wan,58,2003
jake,46.8,2003
boy,45.8,2003
ai,0,2003
back,0,2003
hey,0,2003
b***h,0,2003
ayy,0,2003
n***a,0,2003
love,301,2004
like,301.6,2004
know,288.6,2004
funny,0,2004
oh,184.4,2004
yeah,280.4,2004
go,110.2,2004
might,0,2004
one,0,2004
also,0,2004
come,0,2004
baby,290.4,2004
day,0,2004
said,0,2004
la,0,2004
twist,0,2004
let,50.2,2004
got,195.8,2004
say,0,2004
um,0,2004
time,0,2004
girl,56.6,2004
na,256.6,2004
protest,0,2004
need,0,2004
get,185.8,2004
see,0,2004
take,0,2004
ooh,0,2004
sweet,0,2004
du,0,2004
man,0,2004
ca,0,2004
chance,0,2004
want,0,2004
feat,0,2004
night,0,2004
feel,0,2004
heart,0,2004
gon,0,2004
make,0,2004
never,0,2004
buddy,0,2004
way,0,2004
da,0,2004
wan,58,2004
jake,46.8,2004
boy,45.8,2004
ai,0,2004
back,0,2004
hey,0,2004
b***h,0,2004
ayy,0,2004
n***a,0,2004
love,265.8,2005
like,354.2,2005
know,321.6,2005
funny,0,2005
oh,169.4,2005
yeah,283.8,2005
go,52.6,2005
might,0,2005
one,0,2005
also,0,2005
come,0,2005
baby,278.4,2005
day,0,2005
said,0,2005
la,0,2005
twist,0,2005
let,0,2005
got,263.4,2005
say,0,2005
um,0,2005
time,0,2005
girl,116.8,2005
na,238.4,2005
protest,0,2005
need,0,2005
get,263.2,2005
see,0,2005
take,0,2005
ooh,0,2005
sweet,0,2005
du,0,2005
man,0,2005
ca,0,2005
chance,0,2005
want,0,2005
feat,0,2005
night,0,2005
feel,0,2005
heart,0,2005
gon,0,2005
make,0,2005
never,0,2005
buddy,0,2005
way,0,2005
da,0,2005
wan,0,2005
jake,46.8,2005
boy,45.8,2005
ai,0,2005
back,0,2005
hey,0,2005
b***h,0,2005
ayy,0,2005
n***a,0,2005
love,192.4,2006
like,377.6,2006
know,329.8,2006
funny,0,2006
oh,239.4,2006
yeah,281.4,2006
go,46.2,2006
might,0,2006
one,0,2006
also,0,2006
come,0,2006
baby,214.2,2006
day,0,2006
said,0,2006
la,0,2006
twist,0,2006
let,0,2006
got,276.6,2006
say,0,2006
um,0,2006
time,0,2006
girl,178,2006
na,192.2,2006
protest,0,2006
need,0,2006
get,285.8,2006
see,0,2006
take,0,2006
ooh,0,2006
sweet,0,2006
du,0,2006
man,0,2006
ca,0,2006
chance,0,2006
want,0,2006
feat,0,2006
night,0,2006
feel,0,2006
heart,0,2006
gon,0,2006
make,0,2006
never,0,2006
buddy,0,2006
way,0,2006
da,0,2006
wan,0,2006
jake,0,2006
boy,45.8,2006
ai,49.4,2006
back,45.4,2006
hey,0,2006
b***h,0,2006
ayy,0,2006
n***a,0,2006
love,134,2007
like,396.4,2007
know,350.8,2007
funny,0,2007
oh,247.6,2007
yeah,300.4,2007
go,125.2,2007
might,0,2007
one,0,2007
also,0,2007
come,0,2007
baby,129.4,2007
day,0,2007
said,0,2007
la,0,2007
twist,0,2007
let,0,2007
got,291.6,2007
say,0,2007
um,0,2007
time,0,2007
girl,239.8,2007
na,193.2,2007
protest,0,2007
need,0,2007
get,301,2007
see,55.8,2007
take,0,2007
ooh,0,2007
sweet,0,2007
du,0,2007
man,0,2007
ca,0,2007
chance,0,2007
want,0,2007
feat,0,2007
night,0,2007
feel,0,2007
heart,0,2007
gon,0,2007
make,0,2007
never,0,2007
buddy,0,2007
way,0,2007
da,0,2007
wan,0,2007
jake,0,2007
boy,0,2007
ai,49.4,2007
back,45.4,2007
hey,0,2007
b***h,0,2007
ayy,0,2007
n***a,0,2007
love,111.4,2008
like,410.8,2008
know,355.4,2008
funny,0,2008
oh,250,2008
yeah,274,2008
go,177.2,2008
might,0,2008
one,0,2008
also,0,2008
come,0,2008
baby,59.8,2008
day,0,2008
said,0,2008
la,0,2008
twist,0,2008
let,0,2008
got,285.4,2008
say,0,2008
um,0,2008
time,0,2008
girl,183.2,2008
na,193.2,2008
protest,0,2008
need,0,2008
get,311,2008
see,55.8,2008
take,0,2008
ooh,0,2008
sweet,0,2008
du,0,2008
man,0,2008
ca,0,2008
chance,0,2008
want,0,2008
feat,0,2008
night,0,2008
feel,0,2008
heart,0,2008
gon,0,2008
make,63,2008
never,0,2008
buddy,0,2008
way,0,2008
da,0,2008
wan,0,2008
jake,0,2008
boy,0,2008
ai,49.4,2008
back,45.4,2008
hey,0,2008
b***h,0,2008
ayy,0,2008
n***a,0,2008
love,131,2009
like,391.6,2009
know,331.8,2009
funny,0,2009
oh,288,2009
yeah,269.4,2009
go,177.2,2009
might,0,2009
one,0,2009
also,0,2009
come,0,2009
baby,0,2009
day,0,2009
said,0,2009
la,0,2009
twist,0,2009
let,0,2009
got,315.2,2009
say,0,2009
um,0,2009
time,0,2009
girl,123,2009
na,192.6,2009
protest,0,2009
need,0,2009
get,280.2,2009
see,55.8,2009
take,48.4,2009
ooh,0,2009
sweet,0,2009
du,0,2009
man,0,2009
ca,58.4,2009
chance,0,2009
want,0,2009
feat,0,2009
night,0,2009
feel,0,2009
heart,0,2009
gon,0,2009
make,63,2009
never,0,2009
buddy,0,2009
way,0,2009
da,0,2009
wan,0,2009
jake,0,2009
boy,0,2009
ai,49.4,2009
back,45.4,2009
hey,0,2009
b***h,0,2009
ayy,0,2009
n***a,0,2009
love,197.4,2010
like,411,2010
know,321.2,2010
funny,0,2010
oh,293,2010
yeah,255.8,2010
go,185.8,2010
might,0,2010
one,0,2010
also,0,2010
come,0,2010
baby,0,2010
day,0,2010
said,0,2010
la,0,2010
twist,0,2010
let,0,2010
got,308.4,2010
say,0,2010
um,0,2010
time,0,2010
girl,117.4,2010
na,262.4,2010
protest,0,2010
need,0,2010
get,196.4,2010
see,55.8,2010
take,48.4,2010
ooh,0,2010
sweet,0,2010
du,0,2010
man,0,2010
ca,58.4,2010
chance,0,2010
want,0,2010
feat,0,2010
night,0,2010
feel,0,2010
heart,0,2010
gon,0,2010
make,63,2010
never,0,2010
buddy,0,2010
way,0,2010
da,0,2010
wan,0,2010
jake,0,2010
boy,0,2010
ai,0,2010
back,0,2010
hey,43.8,2010
b***h,0,2010
ayy,0,2010
n***a,0,2010
love,280.2,2011
like,450.4,2011
know,304.8,2011
funny,0,2011
oh,344.8,2011
yeah,279.4,2011
go,159.4,2011
might,0,2011
one,0,2011
also,0,2011
come,0,2011
baby,69,2011
day,0,2011
said,0,2011
la,0,2011
twist,0,2011
let,0,2011
got,294.4,2011
say,52.6,2011
um,0,2011
time,0,2011
girl,55.6,2011
na,263.6,2011
protest,0,2011
need,0,2011
get,117.4,2011
see,0,2011
take,48.4,2011
ooh,0,2011
sweet,0,2011
du,0,2011
man,0,2011
ca,58.4,2011
chance,0,2011
want,0,2011
feat,0,2011
night,0,2011
feel,0,2011
heart,0,2011
gon,0,2011
make,63,2011
never,0,2011
buddy,0,2011
way,0,2011
da,0,2011
wan,0,2011
jake,0,2011
boy,0,2011
ai,0,2011
back,0,2011
hey,43.8,2011
b***h,0,2011
ayy,0,2011
n***a,0,2011
love,221,2012
like,446.4,2012
know,274.8,2012
funny,0,2012
oh,347.6,2012
yeah,363.8,2012
go,164.8,2012
might,0,2012
one,0,2012
also,0,2012
come,0,2012
baby,131.6,2012
day,0,2012
said,0,2012
la,0,2012
twist,0,2012
let,0,2012
got,291.4,2012
say,52.6,2012
um,0,2012
time,0,2012
girl,106.8,2012
na,259.4,2012
protest,0,2012
need,0,2012
get,90.6,2012
see,0,2012
take,48.4,2012
ooh,0,2012
sweet,0,2012
du,0,2012
man,0,2012
ca,58.4,2012
chance,0,2012
want,0,2012
feat,0,2012
night,0,2012
feel,0,2012
heart,0,2012
gon,0,2012
make,0,2012
never,0,2012
buddy,0,2012
way,0,2012
da,0,2012
wan,0,2012
jake,0,2012
boy,0,2012
ai,0,2012
back,0,2012
hey,43.8,2012
b***h,0,2012
ayy,0,2012
n***a,0,2012
love,221,2013
like,416.8,2013
know,244.6,2013
funny,0,2013
oh,307.4,2013
yeah,338,2013
go,164.8,2013
might,0,2013
one,42.4,2013
also,0,2013
come,0,2013
baby,195.4,2013
day,0,2013
said,0,2013
la,0,2013
twist,0,2013
let,51.8,2013
got,236.8,2013
say,52.6,2013
um,0,2013
time,0,2013
girl,106.8,2013
na,194.8,2013
protest,0,2013
need,0,2013
get,85.2,2013
see,0,2013
take,0,2013
ooh,0,2013
sweet,0,2013
du,0,2013
man,0,2013
ca,0,2013
chance,0,2013
want,0,2013
feat,0,2013
night,0,2013
feel,0,2013
heart,0,2013
gon,0,2013
make,0,2013
never,0,2013
buddy,0,2013
way,0,2013
da,0,2013
wan,0,2013
jake,0,2013
boy,0,2013
ai,0,2013
back,0,2013
hey,43.8,2013
b***h,0,2013
ayy,0,2013
n***a,0,2013
love,242.2,2014
like,386.8,2014
know,237.6,2014
funny,0,2014
oh,320,2014
yeah,387.4,2014
go,110,2014
might,0,2014
one,42.4,2014
also,0,2014
come,0,2014
baby,195.4,2014
day,0,2014
said,0,2014
la,0,2014
twist,0,2014
let,101.6,2014
got,231.2,2014
say,52.6,2014
um,0,2014
time,0,2014
girl,51.2,2014
na,182.6,2014
protest,0,2014
need,0,2014
get,142.8,2014
see,0,2014
take,0,2014
ooh,0,2014
sweet,0,2014
du,0,2014
man,0,2014
ca,0,2014
chance,0,2014
want,0,2014
feat,0,2014
night,48.6,2014
feel,0,2014
heart,0,2014
gon,0,2014
make,0,2014
never,0,2014
buddy,0,2014
way,0,2014
da,0,2014
wan,0,2014
jake,0,2014
boy,0,2014
ai,0,2014
back,0,2014
hey,0,2014
b***h,0,2014
ayy,0,2014
n***a,0,2014
love,215.8,2015
like,350,2015
know,227,2015
funny,0,2015
oh,274.4,2015
yeah,352.6,2015
go,57.4,2015
might,0,2015
one,42.4,2015
also,0,2015
come,0,2015
baby,170.4,2015
day,0,2015
said,0,2015
la,0,2015
twist,0,2015
let,146.2,2015
got,224.2,2015
say,0,2015
um,0,2015
time,0,2015
girl,51.2,2015
na,181.8,2015
protest,0,2015
need,0,2015
get,186.8,2015
see,0,2015
take,0,2015
ooh,0,2015
sweet,0,2015
du,0,2015
man,0,2015
ca,0,2015
chance,0,2015
want,0,2015
feat,0,2015
night,48.6,2015
feel,0,2015
heart,0,2015
gon,0,2015
make,0,2015
never,0,2015
buddy,0,2015
way,0,2015
da,0,2015
wan,0,2015
jake,0,2015
boy,0,2015
ai,0,2015
back,0,2015
hey,0,2015
b***h,0,2015
ayy,0,2015
n***a,0,2015
love,282.2,2016
like,354.2,2016
know,249.2,2016
funny,0,2016
oh,265.8,2016
yeah,281.4,2016
go,0,2016
might,0,2016
one,42.4,2016
also,0,2016
come,0,2016
baby,153.4,2016
day,0,2016
said,0,2016
la,0,2016
twist,0,2016
let,146.2,2016
got,259.8,2016
say,0,2016
um,0,2016
time,0,2016
girl,0,2016
na,175.2,2016
protest,0,2016
need,0,2016
get,142.8,2016
see,0,2016
take,0,2016
ooh,58.2,2016
sweet,0,2016
du,0,2016
man,0,2016
ca,0,2016
chance,0,2016
want,0,2016
feat,0,2016
night,48.6,2016
feel,0,2016
heart,0,2016
gon,0,2016
make,0,2016
never,0,2016
buddy,0,2016
way,0,2016
da,0,2016
wan,0,2016
jake,0,2016
boy,0,2016
ai,0,2016
back,0,2016
hey,54.6,2016
b***h,0,2016
ayy,0,2016
n***a,0,2016
love,270,2017
like,343.6,2017
know,305,2017
funny,0,2017
oh,270.4,2017
yeah,290.6,2017
go,62.6,2017
might,0,2017
one,0,2017
also,0,2017
come,0,2017
baby,135.2,2017
day,0,2017
said,0,2017
la,0,2017
twist,0,2017
let,157.4,2017
got,284,2017
say,0,2017
um,0,2017
time,0,2017
girl,0,2017
na,219.6,2017
protest,0,2017
need,0,2017
get,101.6,2017
see,0,2017
take,0,2017
ooh,58.2,2017
sweet,0,2017
du,0,2017
man,0,2017
ca,0,2017
chance,0,2017
want,0,2017
feat,0,2017
night,48.6,2017
feel,0,2017
heart,0,2017
gon,0,2017
make,0,2017
never,0,2017
buddy,0,2017
way,0,2017
da,0,2017
wan,0,2017
jake,0,2017
boy,0,2017
ai,0,2017
back,0,2017
hey,54.6,2017
b***h,0,2017
ayy,0,2017
n***a,0,2017
love,228.6,2018
like,361.4,2018
know,315.8,2018
funny,0,2018
oh,241.2,2018
yeah,311.8,2018
go,62.6,2018
might,0,2018
one,0,2018
also,0,2018
come,0,2018
baby,187.6,2018
day,0,2018
said,0,2018
la,0,2018
twist,0,2018
let,107.6,2018
got,293,2018
say,0,2018
um,0,2018
time,0,2018
girl,0,2018
na,207.6,2018
protest,0,2018
need,0,2018
get,88.8,2018
see,0,2018
take,0,2018
ooh,58.2,2018
sweet,0,2018
du,0,2018
man,0,2018
ca,0,2018
chance,0,2018
want,0,2018
feat,0,2018
night,0,2018
feel,0,2018
heart,0,2018
gon,0,2018
make,0,2018
never,0,2018
buddy,0,2018
way,0,2018
da,0,2018
wan,0,2018
jake,0,2018
boy,0,2018
ai,0,2018
back,0,2018
hey,54.6,2018
b***h,40.6,2018
ayy,0,2018
n***a,0,2018
love,224.2,2019
like,400.4,2019
know,316,2019
funny,0,2019
oh,218.8,2019
yeah,375.2,2019
go,105.2,2019
might,0,2019
one,0,2019
also,0,2019
come,0,2019
baby,143.6,2019
day,0,2019
said,0,2019
la,0,2019
twist,0,2019
let,63,2019
got,309.6,2019
say,0,2019
um,0,2019
time,0,2019
girl,0,2019
na,189,2019
protest,0,2019
need,0,2019
get,98.8,2019
see,0,2019
take,0,2019
ooh,58.2,2019
sweet,0,2019
du,0,2019
man,0,2019
ca,0,2019
chance,0,2019
want,0,2019
feat,0,2019
night,0,2019
feel,0,2019
heart,0,2019
gon,0,2019
make,0,2019
never,0,2019
buddy,0,2019
way,0,2019
da,0,2019
wan,0,2019
jake,0,2019
boy,0,2019
ai,0,2019
back,0,2019
hey,54.6,2019
b***h,40.6,2019
ayy,46,2019
n***a,0,2019
love,157.8,2020
like,398.8,2020
know,302.4,2020
funny,0,2020
oh,158.6,2020
yeah,436.4,2020
go,105.2,2020
might,0,2020
one,0,2020
also,0,2020
come,0,2020
baby,142,2020
day,0,2020
said,0,2020
la,0,2020
twist,0,2020
let,63,2020
got,304.2,2020
say,0,2020
um,0,2020
time,0,2020
girl,0,2020
na,167.6,2020
protest,0,2020
need,0,2020
get,98.8,2020
see,0,2020
take,0,2020
ooh,0,2020
sweet,0,2020
du,0,2020
man,0,2020
ca,0,2020
chance,0,2020
want,37.8,2020
feat,0,2020
night,0,2020
feel,0,2020
heart,0,2020
gon,0,2020
make,0,2020
never,0,2020
buddy,0,2020
way,0,2020
da,0,2020
wan,0,2020
jake,0,2020
boy,0,2020
ai,44.4,2020
back,0,2020
hey,0,2020
b***h,79.8,2020
ayy,46,2020
n***a,43,2020
love,149,2021
like,408.2,2021
know,255.8,2021
funny,0,2021
oh,145,2021
yeah,492,2021
go,85.2,2021
might,0,2021
one,0,2021
also,0,2021
come,0,2021
baby,139,2021
day,0,2021
said,0,2021
la,0,2021
twist,0,2021
let,0,2021
got,316.4,2021
say,0,2021
um,0,2021
time,0,2021
girl,0,2021
na,168.8,2021
protest,0,2021
need,0,2021
get,141.6,2021
see,0,2021
take,0,2021
ooh,0,2021
sweet,0,2021
du,0,2021
man,0,2021
ca,0,2021
chance,0,2021
want,37.8,2021
feat,0,2021
night,0,2021
feel,0,2021
heart,0,2021
gon,0,2021
make,0,2021
never,0,2021
buddy,0,2021
way,0,2021
da,0,2021
wan,0,2021
jake,0,2021
boy,0,2021
ai,44.4,2021
back,0,2021
hey,0,2021
b***h,79.8,2021
ayy,46,2021
n***a,43,2021
love,141,2022
like,406.8,2022
know,252.2,2022
funny,0,2022
oh,130.8,2022
yeah,472,2022
go,123.2,2022
might,0,2022
one,0,2022
also,0,2022
come,0,2022
baby,125,2022
day,0,2022
said,0,2022
la,0,2022
twist,0,2022
let,0,2022
got,309.8,2022
say,0,2022
um,0,2022
time,0,2022
girl,0,2022
na,123.2,2022
protest,0,2022
need,0,2022
get,146.2,2022
see,0,2022
take,0,2022
ooh,0,2022
sweet,0,2022
du,0,2022
man,0,2022
ca,0,2022
chance,0,2022
want,37.8,2022
feat,0,2022
night,0,2022
feel,0,2022
heart,0,2022
gon,0,2022
make,0,2022
never,0,2022
buddy,0,2022
way,37.6,2022
da,0,2022
wan,0,2022
jake,0,2022
boy,0,2022
ai,44.4,2022
back,0,2022
hey,0,2022
b***h,39.2,2022
ayy,46,2022
n***a,43,2022
love,89,2023
like,350.2,2023
know,232.8,2023
funny,0,2023
oh,137,2023
yeah,438.2,2023
go,80.6,2023
might,0,2023
one,0,2023
also,0,2023
come,0,2023
baby,160.6,2023
day,0,2023
said,0,2023
la,0,2023
twist,0,2023
let,0,2023
got,290.6,2023
say,0,2023
um,0,2023
time,0,2023
girl,0,2023
na,120.2,2023
protest,0,2023
need,0,2023
get,137.4,2023
see,0,2023
take,0,2023
ooh,0,2023
sweet,0,2023
du,0,2023
man,0,2023
ca,30.6,2023
chance,0,2023
want,37.8,2023
feat,0,2023
night,0,2023
feel,0,2023
heart,0,2023
gon,0,2023
make,0,2023
never,0,2023
buddy,0,2023
way,37.6,2023
da,0,2023
wan,0,2023
jake,0,2023
boy,0,2023
ai,76.2,2023
back,0,2023
hey,0,2023
b***h,39.2,2023
ayy,0,2023
n***a,43,2023
